view_id,customer_id,movie_id,branch_id,popcorn_size,drink_size,ice_cream,hall
680,227,1000015,100025,medium,large,0,vip
681,218,1000028,100000,medium,large,1,regular
682,312,1000029,100006,medium,small,0,vip
683,296,1000017,100027,medium,large,1,vip
684,225,1000023,100006,small,large,1,regular
685,291,1000018,100026,large,medium,0,vip
686,212,1000018,100023,medium,small,0,regular
687,291,1000019,100028,small,small,0,regular
688,303,1000028,100015,small,large,0,vip
689,277,1000019,100004,medium,large,0,regular
690,272,1000021,100002,small,large,1,vip
691,216,1000026,100008,medium,small,1,regular
692,277,1000022,100003,small,small,1,vip
693,230,1000017,100004,medium,small,1,regular
694,330,1000006,100000,small,medium,0,vip
695,204,1000010,100002,medium,small,0,regular
696,290,1000027,100009,small,large,0,regular
697,212,1000000,100012,medium,medium,1,regular
698,257,1000004,100011,small,small,1,vip
699,253,1000003,100012,small,large,1,regular
700,221,1000008,100008,large,large,0,regular
701,254,1000020,100006,medium,large,0,vip
702,309,1000013,100018,large,small,1,vip
703,236,1000009,100013,large,medium,0,regular
704,270,1000019,100022,medium,large,1,regular
705,269,1000012,100014,small,medium,1,regular
706,239,1000023,100018,small,small,0,regular
707,275,1000006,100021,large,large,1,regular
708,218,1000016,100019,large,medium,0,vip
709,227,1000021,100029,medium,large,1,regular
710,222,1000025,100012,small,medium,0,regular
711,235,1000013,100016,large,small,0,vip
712,208,1000015,100016,large,large,0,regular
713,225,1000019,100015,small,large,1,vip
714,235,1000003,100024,large,large,0,regular
715,212,1000004,100022,small,large,1,regular
716,312,1000020,100007,large,large,0,vip
717,216,1000011,100018,small,large,0,vip
718,311,1000011,100018,medium,small,1,vip
719,323,1000010,100021,small,medium,0,regular
720,258,1000005,100008,large,large,0,regular
721,262,1000010,100005,medium,large,0,regular
722,222,1000014,100017,medium,medium,1,vip
723,224,1000029,100000,medium,small,1,vip
724,248,1000002,100013,large,medium,0,vip
725,211,1000023,100020,small,small,1,vip
726,241,1000014,100014,medium,small,0,vip
727,293,1000020,100026,large,large,1,regular
728,233,1000025,100017,large,medium,0,vip
729,305,1000015,100025,small,small,1,regular
730,219,1000024,100009,large,medium,0,vip
731,303,1000013,100014,large,medium,1,vip
732,242,1000017,100002,large,large,0,regular
733,274,1000015,100007,large,medium,0,vip
734,310,1000024,100006,small,medium,1,regular
735,315,1000022,100025,large,small,0,regular
736,299,1000005,100007,small,medium,0,vip
737,249,1000022,100003,medium,large,0,vip
738,206,1000012,100018,small,small,0,vip
739,300,1000014,100005,medium,large,1,regular
740,226,1000016,100028,large,medium,0,vip
741,273,1000028,100007,medium,large,1,vip
742,254,1000015,100006,medium,medium,1,vip
743,206,1000002,100028,small,medium,1,vip
744,210,1000009,100008,medium,small,1,regular
745,279,1000011,100026,small,small,1,regular
746,215,1000021,100004,large,small,0,vip
747,207,1000008,100012,large,small,1,vip
748,308,1000028,100000,small,medium,1,regular
749,280,1000012,100016,medium,medium,1,regular
750,297,1000017,100002,large,large,0,vip
751,298,1000026,100029,large,small,1,vip
752,292,1000004,100027,small,medium,1,regular
753,209,1000006,100006,medium,large,0,vip
754,285,1000025,100011,large,large,0,vip
755,223,1000025,100001,medium,large,1,regular
756,269,1000013,100000,medium,large,1,regular
757,248,1000001,100001,small,medium,1,vip
758,253,1000025,100017,large,small,1,vip
759,209,1000012,100029,small,small,0,vip
760,289,1000018,100001,large,medium,0,regular
761,295,1000001,100019,large,medium,0,regular
762,296,1000018,100012,small,small,1,vip
763,220,1000001,100019,small,medium,1,regular
764,261,1000001,100007,medium,large,0,regular
765,327,1000005,100026,small,small,1,vip
766,302,1000016,100010,medium,small,0,regular
767,281,1000001,100005,small,large,0,regular
768,305,1000008,100013,medium,large,1,regular
769,213,1000028,100029,small,small,1,vip
770,254,1000027,100021,large,small,1,regular
771,277,1000025,100004,medium,small,0,vip
772,301,1000018,100003,medium,medium,0,vip
773,228,1000002,100006,large,small,1,vip
774,213,1000019,100007,medium,medium,1,vip
775,201,1000009,100005,large,large,1,regular
776,300,1000016,100001,small,small,0,vip
777,328,1000023,100022,small,small,0,regular
778,283,1000022,100020,medium,medium,0,vip
779,302,1000001,100012,medium,medium,1,vip
780,311,1000013,100001,small,medium,1,regular
781,216,1000026,100005,large,medium,1,vip
782,291,1000014,100026,medium,large,0,vip
783,250,1000013,100016,large,large,1,vip
784,307,1000006,100011,medium,large,0,regular
785,238,1000018,100005,medium,small,0,vip
786,230,1000012,100016,medium,large,1,regular
787,223,1000027,100024,medium,medium,1,vip
788,257,1000028,100023,small,medium,1,regular
789,211,1000002,100009,large,medium,0,vip
790,326,1000021,100023,small,small,1,regular
791,286,1000024,100020,large,medium,0,regular
792,214,1000029,100001,medium,large,1,vip
793,287,1000002,100018,medium,large,1,regular
794,295,1000024,100004,medium,small,0,regular
795,258,1000008,100012,small,large,1,regular
796,208,1000011,100025,small,medium,1,regular
797,300,1000006,100017,large,small,1,regular
798,200,1000003,100003,small,large,1,regular
799,268,1000009,100006,large,small,0,regular
800,260,1000016,100026,large,small,1,vip
801,303,1000025,100012,small,medium,1,regular
802,278,1000005,100005,medium,large,1,regular
803,233,1000002,100001,small,medium,1,vip
804,312,1000015,100014,small,medium,1,vip
805,261,1000017,100006,small,large,0,regular
806,283,1000022,100009,small,medium,0,vip
807,213,1000014,100022,large,medium,1,vip
808,286,1000008,100022,medium,medium,1,vip
809,224,1000007,100012,medium,small,0,regular
810,313,1000007,100008,small,medium,0,vip
811,283,1000005,100006,large,large,1,regular
812,318,1000023,100000,small,medium,1,regular
813,275,1000005,100003,small,large,0,regular
814,266,1000001,100014,large,small,1,vip
815,318,1000026,100010,medium,large,1,vip
816,206,1000012,100011,small,large,1,vip
817,221,1000015,100005,large,small,1,regular
818,219,1000027,100011,small,large,1,regular
819,276,1000004,100004,small,medium,0,vip
820,309,1000021,100013,medium,medium,0,regular
821,279,1000027,100015,small,large,0,vip
822,249,1000026,100002,large,medium,1,vip
823,315,1000007,100011,small,small,1,regular
824,230,1000018,100001,medium,small,0,vip
825,236,1000015,100003,medium,small,0,vip
826,220,1000028,100017,large,small,1,regular
827,275,1000019,100024,large,small,0,vip
828,308,1000024,100008,small,large,0,vip
829,251,1000004,100019,small,medium,1,vip
830,300,1000016,100021,medium,medium,1,regular
831,223,1000009,100000,small,large,1,regular
832,216,1000020,100018,small,large,1,regular
833,301,1000009,100000,small,small,0,vip
834,205,1000022,100001,medium,medium,0,regular
835,310,1000020,100016,small,medium,0,regular
836,312,1000001,100005,small,large,1,vip
837,253,1000029,100011,medium,large,1,vip
838,251,1000007,100026,small,medium,1,regular
839,258,1000024,100007,small,large,0,vip
840,245,1000002,100004,medium,small,1,regular
841,258,1000021,100013,large,medium,1,vip
842,314,1000015,100029,medium,small,0,vip
843,232,1000003,100027,large,small,0,regular
844,235,1000026,100024,medium,large,0,vip
845,209,1000011,100013,large,small,1,regular
846,203,1000016,100008,medium,small,1,vip
847,259,1000015,100019,medium,medium,0,vip
848,311,1000014,100012,small,small,0,regular
849,301,1000000,100016,large,small,1,regular
850,254,1000020,100025,large,large,1,vip
851,311,1000000,100002,medium,small,0,regular
852,305,1000025,100019,small,small,0,vip
853,308,1000021,100029,medium,large,1,regular
854,318,1000015,100020,small,medium,1,regular
855,298,1000000,100008,small,small,1,regular
856,264,1000029,100025,large,large,1,vip
857,249,1000024,100009,small,small,1,vip
858,256,1000001,100019,small,large,0,regular
859,260,1000028,100021,small,small,0,vip
860,246,1000010,100012,small,medium,0,vip
861,251,1000012,100027,small,medium,0,vip
862,239,1000008,100018,large,medium,1,vip
863,302,1000023,100008,medium,small,1,regular
864,212,1000013,100004,small,medium,0,regular
865,330,1000004,100009,small,small,1,regular
866,236,1000002,100015,large,large,0,vip
867,234,1000024,100002,medium,medium,0,vip
868,203,1000008,100017,medium,large,1,regular
869,312,1000000,100003,small,large,0,regular
870,211,1000018,100000,small,small,0,vip
871,316,1000009,100009,medium,medium,1,regular
872,287,1000010,100010,medium,small,0,vip
873,247,1000012,100003,small,large,1,vip
874,292,1000005,100026,large,medium,1,vip
875,315,1000023,100025,small,large,0,regular
876,212,1000028,100016,small,small,1,regular
877,291,1000004,100015,large,small,1,regular
878,223,1000016,100021,medium,large,0,vip
879,236,1000020,100015,large,large,1,vip
